patent_id,pagerank,rank_pr,patent_title_pr
4237224,2.93E-05,1,Process for producing biologically functional molecular chimeras
3813316,2.52E-05,2,- No title available -
4309756,1.86E-05,3,Method of automatically evaluating source language logic condition sets and of compiling machine executable instructions directly therefrom
4558413,1.80E-05,4,Software version management system
4395486,1.75E-05,5,Method for the direct analysis of sickle cell anemia
4683202,1.75E-05,6,Process for amplifying nucleic acid sequences
4683195,1.68E-05,7,"Process for amplifying, detecting, and/or-cloning nucleic acid sequences"
4298685,1.58E-05,8,Diagnostic reagent
3988545,1.58E-05,9,Method of transmitting information and multiplexing device for executing the method
5523520,1.32E-05,10,Mutant dwarfism gene of petunia
3932805,1.27E-05,11,Method of obtaining internal information of a measuring target from the out-side by the application of a nuclear magnetic resonance phenomenon
3747120,1.21E-05,12,- No title available -
4074232,1.18E-05,13,Data sending and receiving system for packet switching network
3956615,1.11E-05,14,Transaction execution system with secure data storage and communications
3898390,1.09E-05,15,- No title available -
3749845,1.04E-05,16,- No title available -
4251824,1.00E-05,17,Liquid jet recording method with variable thermal viscosity modulation
4812599,9.92E-06,18,Inbred corn line PHV78
4063220,9.88E-06,19,Multipoint data communication system with collision detection
4358535,9.82E-06,20,Specific DNA probes in diagnostic microbiology
3663762,9.58E-06,21,- No title available -
3798359,9.35E-06,22,- No title available -
5103459,9.06E-06,23,System and method for generating signal waveforms in a CDMA cellular telephone system
3906166,8.92E-06,24,- No title available -
3778614,8.83E-06,25,- No title available -
4032899,8.77E-06,26,Apparatus and method for switching of data
4320500,8.52E-06,27,Method of and system for routing in a packet-switched communication network
4200770,8.45E-06,28,Cryptographic apparatus and method
4901307,8.41E-06,29,Spread spectrum multiple access communication system using satellite or terrestrial repeaters
4539507,8.26E-06,30,Organic electroluminescent devices having improved power conversion efficiencies
4144412,8.19E-06,31,Method of assigning a radio channel to a calling mobile body of mobile communication system and radio channel assigning system therefor
4463359,8.16E-06,32,Droplet generating method and apparatus thereof
4346442,8.16E-06,33,Securities brokerage-cash management system
4723129,8.12E-06,34,Bubble jet recording method and apparatus in which a heating element generates bubbles in a liquid flow path to project droplets
3789832,8.12E-06,35,- No title available -
5572643,7.92E-06,36,Web browser with dynamic display of information objects during linking
4193131,7.77E-06,37,Cryptographic verification of operational keys used in communication networks
4315315,7.77E-06,38,Graphical automatic programming
4064521,7.75E-06,39,Semiconductor device having a body of amorphous silicon
4203158,7.70E-06,40,Electrically programmable and erasable MOS floating gate memory device employing tunneling and method of fabricating same
4432057,7.68E-06,41,"Method for the dynamic replication of data under distributed system control to control utilization of resources in a multiprocessing, distributed data base system"
4405829,7.67E-06,42,Cryptographic communications system and method
4555775,7.64E-06,43,Dynamic generation and overlaying of graphic windows for multiple active program storage areas
3890471,7.60E-06,44,- No title available -
4218582,7.59E-06,45,Public key cryptographic apparatus and method
3766322,7.51E-06,46,- No title available -
3500142,7.50E-06,47,- No title available -
3840695,7.43E-06,48,- No title available -
4377849,7.37E-06,49,Macro assembler process for automated circuit design
5056109,7.35E-06,50,Method and apparatus for controlling transmission power in a CDMA cellular mobile telephone system
4399531,7.32E-06,51,Distributed digital data communications network
4196265,7.32E-06,52,Method of producing antibodies
3597549,7.23E-06,53,- No title available -
3798360,7.17E-06,54,- No title available -
4021726,7.14E-06,55,Image formation using nuclear magnetic resonance
4464650,7.07E-06,56,Apparatus and method for compressing data signals and restoring the compressed data signals
3962539,7.06E-06,57,Product block cipher system for data security
4591983,7.05E-06,58,Hierarchical knowledge system
3798605,6.95E-06,59,- No title available -
2921124,6.94E-06,60,- No title available -
4287592,6.94E-06,61,Method and apparatus for interfacing stations in a multiloop communications system
4243994,6.86E-06,62,Liquid recording medium
3533086,6.83E-06,63,- No title available -
3906460,6.82E-06,64,- No title available -
4283771,6.80E-06,65,On-chip bubble domain relational data base system
4343993,6.79E-06,66,Scanning tunneling microscope
4730340,6.75E-06,67,Programmable time invariant coherent spread symbol correlator
4367924,6.74E-06,68,Chiral smectic C or H liquid crystal electro-optical device
4001783,6.72E-06,69,Priority interrupt mechanism
3657476,6.59E-06,70,- No title available -
4191860,6.59E-06,71,Data base communication call processing method
4194242,6.55E-06,72,Method and system for determining interest rates
4007450,6.54E-06,73,Data sharing computer network
3852157,6.49E-06,74,- No title available -
4158236,6.47E-06,75,Electronic dictionary and language interpreter
4769292,6.43E-06,76,Electroluminescent device with modified thin film luminescent zone
4455619,6.43E-06,77,Interactive equipment for computer programming by linkage of labeled block representations of arithmetic/logical subprograms
3878519,6.42E-06,78,- No title available -
4103315,6.41E-06,79,Antiferromagnetic-ferromagnetic exchange bias films
3796835,6.40E-06,80,- No title available -
4178476,6.37E-06,81,Automatic nationwide paging system
3905023,6.35E-06,82,- No title available -
4740796,6.35E-06,83,Bubble jet recording method and apparatus in which a heating element generates bubbles in multiple liquid flow paths to project droplets
4353086,6.34E-06,84,Silicon integrated circuits
4264782,6.34E-06,85,Method and apparatus for transaction and identity verification
4356429,6.33E-06,86,Organic electroluminescent cell
4120030,6.31E-06,87,Computer software security system
3082402,6.30E-06,88,- No title available -
2768114,6.29E-06,89,- No title available -
4313035,6.26E-06,90,Method of providing person locator service
3950733,6.26E-06,91,Information processing system
3845277,6.26E-06,92,- No title available -
4338397,6.23E-06,93,Mature protein synthesis
4314367,6.23E-06,94,Switching circuit for digital packet switching network
4228496,6.21E-06,95,Multiprocessor system
3839153,6.19E-06,96,- No title available -
4706081,6.18E-06,97,Method and apparatus for bridging local area networks
3984626,6.15E-06,98,Picture signal coder
4197590,6.10E-06,99,Method for dynamically viewing image elements stored in a random access memory array
4269891,6.06E-06,100,Recording sheet for ink jet recording
3710324,6.05E-06,101,- No title available -
4313124,6.05E-06,102,Liquid jet recording process and liquid jet recording head
4558333,6.04E-06,103,Liquid jet recording head
4123747,6.03E-06,104,Identity verification method and apparatus
4485486,6.03E-06,105,Method and apparatus for assigning duplex radio channels and scanning duplex radio channels assigned to mobile and portable radio telephones in a cellular radiotelephone communications system
4164751,5.99E-06,106,High capacity dynamic ram cell
4503569,5.98E-06,107,Transluminally placed expandable graft prosthesis
4757267,5.95E-06,108,Telephone system for connecting a customer to a supplier of goods
4345262,5.92E-06,109,Ink jet recording method
3976982,5.89E-06,110,Apparatus for image manipulation
4355374,5.87E-06,111,Semiconductor memory device
4679189,5.86E-06,112,Alternate routing arrangement
4380063,5.86E-06,113,Flow control mechanism for block switching nodes
4475104,5.85E-06,114,Three-dimensional display system
4656603,5.84E-06,115,Schematic diagram generating system using library of general purpose interactively selectable graphic primitives to create special applications icons
4161786,5.81E-06,116,Digital bus communications system
4168400,5.79E-06,117,Digital communication system
4099196,5.79E-06,118,Triple layer polysilicon cell
4475010,5.78E-06,119,High density cellular mobile radio communications
5367109,5.78E-06,120,Inbred corn line PHHB9
3859638,5.77E-06,121,- No title available -
4222115,5.76E-06,122,Spread spectrum apparatus for cellular mobile communication systems
4949039,5.74E-06,123,Magnetic field sensor with ferromagnetic thin layers having magnetically antiparallel polarized components
5101501,5.73E-06,124,Method and system for providing a soft handoff in communications in a CDMA cellular telephone system
4706121,5.72E-06,125,TV schedule system and process
4546435,5.71E-06,126,Graphic computer system and keyboard
5045417,5.70E-06,127,Mask for manufacturing semiconductor device and method of manufacture thereof
3862360,5.68E-06,128,- No title available -
4506326,5.64E-06,129,Apparatus and method for synthesizing a query for accessing a relational data base
3819872,5.62E-06,130,- No title available -
3903645,5.59E-06,131,- No title available -
5008853,5.57E-06,132,Representation of collaborative multi-user activities relative to shared structured data objects in a networked workstation environment
3889270,5.56E-06,133,- No title available -
4325120,5.55E-06,134,Data processing system
3387286,5.55E-06,135,- No title available -
4627052,5.54E-06,136,Interconnection of communications networks
4344134,5.54E-06,137,Partitionable parallel processor
4816567,5.51E-06,138,Recombinant immunoglobin preparations
4134792,5.49E-06,139,Specific binding assay with an enzyme modulator as a labeling substance
4115730,5.49E-06,140,Nuclear magnetic resonance apparatus and methods
4597078,5.49E-06,141,Bridge circuit for interconnecting networks
4459600,5.49E-06,142,Liquid jet recording device
4570227,5.48E-06,143,Portable map display apparatus
4459663,5.48E-06,144,Data processing machine and method of allocating inventory stock for generating work orders for producing manufactured components
3764915,5.46E-06,145,- No title available -
4765753,5.45E-06,146,Method and apparatus for handing-over a radio connection from one radio cell to another radio cell of a digital radio transmission system
3763365,5.45E-06,147,- No title available -
5774660,5.45E-06,148,World-wide-web server with delayed resource-binding for resource-based load balancing on a distributed resource multi-node network
3958081,5.44E-06,149,Block cipher system for data security
4302775,5.42E-06,150,Digital video compression system and methods utilizing scene adaptive coding with rate buffer feedback
4447886,5.40E-06,151,Triangle and pyramid signal transforms and apparatus
5850009,5.39E-06,152,Inbred maize line PH0HC
3856513,5.38E-06,153,- No title available -
4112257,5.37E-06,154,Comprehensive automatic mobile radio telephone system
4144496,5.36E-06,155,Mobile communication system and method employing frequency reuse within a geographical service area
4604686,5.34E-06,156,Associative data access method (ADAM) and its means of implementation
2724740,5.32E-06,157,- No title available -
4769772,5.31E-06,158,Automated query optimization method using both global and parallel local optimizations for materialization access planning for distributed databases
4484326,5.29E-06,159,Packet load monitoring by trunk controllers
4813013,5.26E-06,160,Schematic diagram generating system using library of general purpose interactively selectable graphic primitives to create special applications icons
4780821,5.25E-06,161,Method for multiple programs management within a network having a server computer and a plurality of remote computers
4305131,5.25E-06,162,Dialog between TV movies and human viewers
4154983,5.24E-06,163,Loop carrier system for telecommunication and data services
4613990,5.23E-06,164,Radiotelephone transmission power control
5304719,5.23E-06,165,Inbred corn line PHT47
3310741,5.22E-06,166,- No title available -
4307420,5.20E-06,167,Motion-compensated interframe coding system
5043736,5.14E-06,168,Cellular position locating system
4321672,5.13E-06,169,Financial data processing system
4488179,5.12E-06,170,Television viewing center system
4104718,5.10E-06,171,System for protecting shared files in a multiprogrammed computer
3585088,5.09E-06,172,- No title available -
4082613,5.09E-06,173,Process for the production of insulin by genetically transformed fungal cells
4015196,5.07E-06,174,Analysis of materials
4731499,5.07E-06,175,Hybrid corn plant and seed
3702886,5.07E-06,176,- No title available -
3816722,5.03E-06,177,- No title available -
5143854,5.03E-06,178,Large scale photolithographic solid phase synthesis of polypeptides and receptor binding screening thereof
3852571,5.03E-06,179,- No title available -
4250570,5.02E-06,180,Redundant memory circuit
4468728,5.01E-06,181,Data structure and search method for a data base management system
4419446,5.01E-06,182,Recombinant DNA process utilizing a papilloma virus DNA as a vector
3737879,5.00E-06,183,- No title available -
4104086,5.00E-06,184,Method for forming isolated regions of silicon utilizing reactive ion etching
4737978,4.99E-06,185,Networked cellular radiotelephone systems
5206590,4.99E-06,186,Magnetoresistive sensor based on the spin valve effect
4172124,4.99E-06,187,Method of producing tumor antibodies
3946398,4.97E-06,188,Method and apparatus for recording with writing fluids and drop projection means therefor
3702464,4.95E-06,189,- No title available -
4277837,4.95E-06,190,Personal portable terminal for financial transactions
4809170,4.94E-06,191,Computer device for aiding in the development of software system
3946432,4.93E-06,192,Apparatus for digitally encoding a television signal
4001550,4.93E-06,193,Universal funds transfer and identification card
3868956,4.92E-06,194,- No title available -
4742018,4.91E-06,195,Process for producing memory cell having stacked capacitor
4144411,4.90E-06,196,Cellular radiotelephone system structured for flexible use of different cell sizes
4251880,4.89E-06,197,Digital loop switch for controlling data information having differing transmission characteristics
3728695,4.89E-06,198,- No title available -
4186871,4.88E-06,199,Transaction execution system with secure encryption key storage and communications
5640343,4.87E-06,200,Magnetic memory array using magnetic tunnel junction devices in the memory cells
4070710,4.86E-06,201,Raster scan display apparatus for dynamically viewing image elements stored in a random access memory array
3950357,4.86E-06,202,Antibiotics
4670899,4.85E-06,203,Load balancing for cellular radiotelephone system
4930071,4.84E-06,204,Method for integrating a knowledge-based system with an arbitrary database system
3836992,4.83E-06,205,- No title available -
3769593,4.81E-06,206,- No title available -
3763480,4.80E-06,207,- No title available -
3996657,4.80E-06,208,Double polycrystalline silicon gate memory device
3757037,4.79E-06,209,- No title available -
3621321,4.77E-06,210,- No title available -
4246638,4.76E-06,211,Method and apparatus for controlling usage of a programmable computing machine
4550397,4.76E-06,212,Alternate paths in a self-routing packet switching network
4445118,4.75E-06,213,Navigation system and method
3400371,4.75E-06,214,- No title available -
4003036,4.75E-06,215,Single IGFET memory cell with buried storage element
4383272,4.74E-06,216,Video signal interpolation using motion estimation
3913017,4.74E-06,217,- No title available -
3784802,4.74E-06,218,- No title available -
5536637,4.73E-06,219,Method of screening for cDNA encoding novel secreted mammalian proteins in yeast
3859527,4.72E-06,220,- No title available -
4016540,4.72E-06,221,Apparatus and method for providing interactive audio communication
4218738,4.69E-06,222,Method for authenticating the identity of a user of an information system
4423287,4.69E-06,223,End-to-end encryption system and method of operation
3615956,4.68E-06,224,- No title available -
4345116,4.67E-06,225,"Dynamic, non-hierarchical arrangement for routing traffic"
4318184,4.66E-06,226,Information storage and retrieval system and method
4262090,4.66E-06,227,Interferon production
4354263,4.65E-06,228,Computer-communications concentrator for transmission and switching of packetized data
4399216,4.65E-06,229,Processes for inserting DNA into eucaryotic cells and for producing proteinaceous materials
4720432,4.64E-06,230,Electroluminescent device with organic luminescent medium
5109390,4.64E-06,231,Diversity receiver in a CDMA cellular telephone system
4286330,4.63E-06,232,Autonomic string-manipulation system
4059461,4.60E-06,233,Method for improving the crystallinity of semiconductor films by laser beam scanning and the products thereof
3753244,4.60E-06,234,- No title available -
4007355,4.60E-06,235,Data-transfer system
4899136,4.59E-06,236,Data processor having a user interface display with metaphoric objects
3906540,4.59E-06,237,- No title available -
5147826,4.58E-06,238,Low temperature crystallization and pattering of amorphous silicon films
4603416,4.58E-06,239,(Time division multiplex) switching system for routing trains of constant length data packets
3787822,4.56E-06,240,- No title available -
3588829,4.56E-06,241,- No title available -
4121286,4.55E-06,242,Data processing memory space allocation and deallocation arrangements
3683212,4.55E-06,243,- No title available -
4086632,4.55E-06,244,Area navigation system including a map display unit for establishing and modifying navigation routes
4654466,4.55E-06,245,Inbred corn line
3771137,4.54E-06,246,- No title available -
4853843,4.54E-06,247,System for merging virtual partitions of a distributed database
3795557,4.53E-06,248,- No title available -
4491628,4.52E-06,249,Positive- and negative-working resist compositions with acid generating photoinitiator and polymer with acid labile groups pendant from polymer backbone
4019073,4.52E-06,250,Piezoelectric motor structures
5754939,4.52E-06,251,System for generation of user profiles for a system for customized electronic identification of desirable objects
4288659,4.51E-06,252,Method and means for securing the distribution of encoding keys
4105156,4.50E-06,253,Identification system safeguarded against misuse
4796189,4.49E-06,254,Navigation system for automotive vehicle with automatic navigation start and navigation end point search and automatic route selection
4404344,4.48E-06,255,Preparing ethylene polymers using Ziegler catalyst comprising cyclodienyl compound of zirconium
4211919,4.47E-06,256,Portable data carrier including a microprocessor
4648044,4.46E-06,257,Basic expert system tool
4799156,4.46E-06,258,Interactive market management system
4644532,4.45E-06,259,Automatic update of topology in a hybrid network
3961103,4.44E-06,260,Film deposition
3893166,4.42E-06,261,- No title available -
5159592,4.42E-06,262,Network address management for a wired network supporting wireless communication to a plurality of mobile users
3979733,4.42E-06,263,Digital data communications system packet switch
4182933,4.41E-06,264,Secure communication system with remote key setting
4675829,4.41E-06,265,Method and apparatus for building knowledge-based systems
4081612,4.39E-06,266,Method for building-up of routing addresses in a digital telecommunication network
3985998,4.39E-06,267,Personal authority verification system
4058672,4.39E-06,268,Packet-switched data communications system
4670848,4.38E-06,269,Artificial intelligence system
4168396,4.38E-06,270,Microprocessor for executing enciphered programs
3773924,4.38E-06,271,- No title available -
4621321,4.37E-06,272,Secure data processing system architecture
3710511,4.34E-06,273,- No title available -
4128773,4.34E-06,274,Volatile/non-volatile logic latch circuit
4698787,4.34E-06,275,Single transistor electrically programmable memory device and method
4347498,4.33E-06,276,Method and means for demand accessing and broadcast transmission among ports in a distributed star network
3984822,4.32E-06,277,Double polycrystalline silicon gate memory device
3988677,4.30E-06,278,Space communication system for compressed data with a concatenated Reed-Solomon-Viterbi coding channel
4291277,4.29E-06,279,Adaptive predistortion technique for linearizing a power amplifier for digital data systems
4607453,4.28E-06,280,Hybrid corn plants with improved standability
4631664,4.28E-06,281,Partnership data base management system and method
4096567,4.27E-06,282,Information storage facility with multiple level processors
4051464,4.25E-06,283,Semiconductor memory cell
4163249,4.25E-06,284,Picture processing system for television
4438824,4.25E-06,285,Apparatus and method for cryptographic identity verification
4368592,4.24E-06,286,Semi-dwarf maize and method
3854793,4.24E-06,287,- No title available -
4239346,4.23E-06,288,Compact liquid crystal display system
4733665,4.23E-06,289,"Expandable intraluminal graft, and method and apparatus for implanting an expandable intraluminal graft"
4517763,4.23E-06,290,Hybridization process utilizing a combination of cytoplasmic male sterility and herbicide tolerance
3833885,4.21E-06,291,- No title available -
4229790,4.21E-06,292,Concurrent task and instruction processor and method
4394443,4.20E-06,293,Method for cloning genes
4318043,4.20E-06,294,Method and apparatus for rapid NMR imaging of nuclear densities within an object
4278837,4.20E-06,295,Crypto microprocessor for executing enciphered programs
3560478,4.19E-06,296,- No title available -
4012757,4.18E-06,297,Contactless random-access memory cell and cell pair
4180596,4.16E-06,298,Method for providing a metal silicide layer on a substrate
5998925,4.16E-06,299,Light emitting device having a nitride compound semiconductor and a phosphor containing a garnet fluorescent material
4303973,4.16E-06,300,Industrial process control system
4025760,4.16E-06,301,Security means for transaction terminal system
4203166,4.16E-06,302,Cryptographic file security for multiple domain networks
3787673,4.15E-06,303,- No title available -
4460975,4.14E-06,304,Easily accessible formating of computer printouts
4993068,4.13E-06,305,Unforgeable personal identification system
3969706,4.12E-06,306,Dynamic random access memory misfet integrated circuit
4479196,4.12E-06,307,Hyperedge entity-relationship data base systems
3790703,4.12E-06,308,- No title available -
4577313,4.11E-06,309,Routing mechanism with encapsulated FCS for a multi-ring local area network
4227253,4.11E-06,310,Cryptographic communication security for multiple domain networks
5037760,4.11E-06,311,Secretory signal selection vectors for extracellular protein synthesis bacilli
4301518,4.10E-06,312,Differential sensing of single ended memory array
4658093,4.09E-06,313,Software distribution system
4399504,4.09E-06,314,"Method and means for the sharing of data resources in a multiprocessing, multiprogramming environment"
5172338,4.09E-06,315,Multi-state EEprom read and write circuits and techniques
4467421,4.09E-06,316,Virtual storage system and method
4271506,4.08E-06,317,High speed data switching node
3761327,4.06E-06,318,- No title available -
4312577,4.06E-06,319,Motor vehicle map display system
4658370,4.06E-06,320,Knowledge engineering tool
4335426,4.06E-06,321,Remote processor initialization in a multi-station peer-to-peer intercommunication system
3573747,4.05E-06,322,- No title available -
4281380,4.05E-06,323,Bus collision avoidance system for distributed network data processing communications system
4635189,4.04E-06,324,Real-time distributed data-base management system
4586035,4.03E-06,325,Display terminal with a cursor responsive virtual distributed menu
4837798,4.03E-06,326,Communication system having unified messaging
3983140,4.02E-06,327,Physiologically active substances
4672658,4.02E-06,328,Spread spectrum wireless PBX
3646346,4.02E-06,329,- No title available -
4368523,4.02E-06,330,Liquid crystal display device having redundant pairs of address buses
3876842,4.02E-06,331,- No title available -
4667290,4.01E-06,332,Compilers using a universal intermediate language
4491945,4.01E-06,333,Fast packet switch
3859635,4.01E-06,334,- No title available -
3760171,4.01E-06,335,- No title available -
2924593,4.01E-06,336,- No title available -
4414150,4.00E-06,337,Hybrid human leukocyte interferons
4769061,3.99E-06,338,"Inhibition resistant 5-enolpyruvyl-3-phosphoshikimate synthase, production and use"
4453074,3.99E-06,339,Protection system for intelligent cards
3868187,3.99E-06,340,- No title available -
3967247,3.98E-06,341,Storage interface unit
3831143,3.98E-06,342,- No title available -
5247190,3.98E-06,343,Electroluminescent devices
4769811,3.98E-06,344,Packet switching system arranged for congestion control
5530852,3.97E-06,345,Method for extracting profiles and topics from a first file written in a first markup language and generating files in different markup languages containing the profiles and topics for use in accessing data described by the profiles and topics
3653072,3.95E-06,346,- No title available -
4947388,3.95E-06,347,Cell switching system of asynchronous transfer mode
4179337,3.94E-06,348,Non-immunogenic polypeptides
3787813,3.93E-06,349,- No title available -
4545146,3.93E-06,350,Route to hybrid soybean production
4051354,3.93E-06,351,Fault-tolerant cell addressable array
5416842,3.91E-06,352,Method and apparatus for key-management scheme for use with internet protocols at site firewalls
3941989,3.90E-06,353,Reducing power consumption in calculators
4084231,3.90E-06,354,System for facilitating the copying back of data in disc and tape units of a memory hierarchial system
4825354,3.88E-06,355,Method of file access in a distributed processing computer network
5247347,3.86E-06,356,PSTN architecture for video-on-demand services
4026555,3.86E-06,357,Television display control apparatus
3845289,3.86E-06,358,- No title available -
4141022,3.85E-06,359,Refractory metal contacts for IGFETS
3419793,3.85E-06,360,- No title available -
4063280,3.85E-06,361,Chroma-signal processing system
4318173,3.85E-06,362,Scheduler for a multiple computer system
5329578,3.84E-06,363,Personal communication service with mobility manager
4085443,3.84E-06,364,Keyboard operated apparatus for simultaneous coding and display of chemical structure and similar graphical information
3308439,3.84E-06,365,- No title available -
4394774,3.83E-06,366,Digital video compression system and methods utilizing scene adaptive coding with rate buffer feedback
5267261,3.82E-06,367,Mobile station assisted soft handoff in a CDMA cellular communications system
4310720,3.82E-06,368,Computer accessing system
4481670,3.82E-06,369,Method and apparatus for dynamically selecting transmitters for communications between a primary station and remote stations of a data communications system
3947375,3.81E-06,370,Liquid crystal materials and devices
3742144,3.80E-06,371,- No title available -
4017597,3.79E-06,372,Unitized solid phase immunoassay kit and method
3824003,3.79E-06,373,- No title available -
3860965,3.78E-06,374,- No title available -
3825945,3.78E-06,375,- No title available -
3775671,3.78E-06,376,- No title available -
3879710,3.77E-06,377,- No title available -
5371852,3.77E-06,378,Method and apparatus for making a cluster of computers appear as a single host on a network
5710887,3.75E-06,379,Computer system and method for electronic commerce
4613946,3.75E-06,380,Method and apparatus for generating hierarchical displays
4128670,3.74E-06,381,Fabrication method for integrated circuits with polysilicon lines having low sheet resistance
3791932,3.74E-06,382,- No title available -
4541012,3.73E-06,383,Video bandwidth reduction system employing interframe block differencing and transform domain coding
4177510,3.73E-06,384,Protection of data in an information multiprocessing system by implementing a concept of rings to represent the different levels of privileges among processes
4376110,3.73E-06,385,Immunometric assays using monoclonal antibodies
5708780,3.72E-06,386,Internet server access control and monitoring systems
4435840,3.72E-06,387,Radio mobile communication system wherein probability of loss of calls is reduced without a surplus of base station equipment
4194153,3.71E-06,388,Digital radio paging communication system
4199774,3.71E-06,389,Monolithic semiconductor switching device
4446519,3.71E-06,390,Method and apparatus for providing security for computer software
3708798,3.71E-06,391,- No title available -
4162377,3.70E-06,392,Data base auto bill calling using CCIS direct signaling
4001807,3.69E-06,393,Concurrent overview and detail display system having process control capabilities
4946778,3.69E-06,394,Single polypeptide chain binding molecules
4425908,3.68E-06,395,Blood clot filter
3934122,3.68E-06,396,Electronic security card and system for authenticating card ownership
4077021,3.68E-06,397,Method and arrangement for coding binary signals and modulating a carrier signal
4658085,3.67E-06,398,"Hybridization using cytoplasmic male sterility, cytoplasmic herbicide tolerance, and herbicide tolerance from nuclear genes"
3618040,3.67E-06,399,- No title available -
3692946,3.67E-06,400,- No title available -
3702462,3.66E-06,401,- No title available -
4460923,3.66E-06,402,Predictive coding system for television signals
4412285,3.66E-06,403,Multiprocessor intercommunication system and method
4376978,3.65E-06,404,Securities brokerage-cash management system
4575621,3.64E-06,405,Portable electronic transaction device and system therefor
4052565,3.63E-06,406,Walsh function signal scrambler
3685020,3.63E-06,407,- No title available -
4737596,3.62E-06,408,Hybrid corn plant and seed
4443971,3.62E-06,409,Herbicide-tolerant plants
4570217,3.62E-06,410,Man machine interface
5005200,3.62E-06,411,Public key/signature cryptosystem with enhanced digital signature certification
4885211,3.62E-06,412,Electroluminescent device with improved cathode
3753234,3.62E-06,413,- No title available -
4398249,3.62E-06,414,Process and apparatus for converting a source program into an object program
3975637,3.61E-06,415,Device for storage and display of a radiation image
4916704,3.61E-06,416,Interface of non-fault tolerant components to fault tolerant system
4023013,3.61E-06,417,On-line verification system for identification card or the like
4070611,3.60E-06,418,Gyromagnetic resonance fourier transform zeugmatography
4933952,3.60E-06,419,Asynchronous digital correlator and demodulators including a correlator of this type
4096355,3.60E-06,420,Common channel access method for a plurality of data stations in a data transmission system and circuit for implementing the method
4984264,3.60E-06,421,Call admission control method and cell flow monitoring method in the same method
3588839,3.59E-06,422,- No title available -
4084241,3.59E-06,423,System for processing movement information of vehicle
5471515,3.58E-06,424,Active pixel sensor with intra-pixel charge transfer
4535058,3.58E-06,425,Characterization of oncogenes and assays based thereon
3760381,3.58E-06,426,- No title available -
3935074,3.58E-06,427,Antibody steric hindrance immunoassay with two antibodies
5374564,3.58E-06,428,Process for the production of thin semiconductor material films
4047163,3.58E-06,429,Fault-tolerant cell addressable array
4247892,3.58E-06,430,Arrays of machines such as computers
4558302,3.58E-06,431,High speed data compression and decompression apparatus and method
4371752,3.57E-06,432,Electronic audio communication system
3735368,3.57E-06,433,- No title available -
4475192,3.56E-06,434,Data packet flow control scheme for switching networks
3602702,3.56E-06,435,- No title available -
3611293,3.56E-06,436,- No title available -
4575330,3.56E-06,437,Apparatus for production of three-dimensional objects by stereolithography
3850752,3.56E-06,438,- No title available -
4789648,3.56E-06,439,Method for producing coplanar multi-level metal/insulator films on a substrate and for forming patterned conductive lines simultaneously with stud vias
3761695,3.56E-06,440,- No title available -
4748655,3.56E-06,441,Portable telephones
4326259,3.55E-06,442,Self organizing general pattern class separator and identifier
5111292,3.55E-06,443,Priority selection apparatus as for a video signal processor
4518584,3.55E-06,444,Human recombinant interleukin-2 muteins
3828325,3.55E-06,445,- No title available -
3867728,3.55E-06,446,- No title available -
4811421,3.55E-06,447,Transmission power control device in a radio communication transmitting/receiving station
3173050,3.55E-06,448,- No title available -
4458066,3.54E-06,449,Process for preparing polynucleotides
4502128,3.54E-06,450,Translation between natural languages
4612416,3.54E-06,451,Integrated message service system
4652990,3.54E-06,452,Protected software access control apparatus and method
5740549,3.53E-06,453,Information and advertising distribution system and method
4880804,3.53E-06,454,Angiotensin II receptor blocking benzimidazoles
4293652,3.53E-06,455,Method for synthesizing DNA sequentially
5742905,3.53E-06,456,Personal communications internetworking
5608786,3.53E-06,457,Unified messaging system and method
4270182,3.53E-06,458,"Automated information input, storage, and retrieval system"
4965188,3.52E-06,459,"Process for amplifying, detecting, and/or cloning nucleic acid sequences using a thermostable enzyme"
5862325,3.52E-06,460,Computer-based communication system and method using metadata defining a control structure
3665480,3.52E-06,461,- No title available -
3975221,3.52E-06,462,Low capacitance V groove MOS NOR gate and method of manufacture
3931512,3.51E-06,463,Line data and television transmission
4156798,3.51E-06,464,Small packet communication network
4164745,3.51E-06,465,Printing by modulation of ink viscosity
3704363,3.51E-06,466,- No title available -
5159513,3.50E-06,467,Magnetoresistive sensor based on the spin valve effect
4256926,3.50E-06,468,Microprocessor control complex for a telecommunication switching system
4714992,3.49E-06,469,Communication for version management in a distributed information service
4266242,3.49E-06,470,Television special effects arrangement
3817837,3.49E-06,471,- No title available -
4094008,3.47E-06,472,Alterable capacitor memory array
3868057,3.47E-06,473,- No title available -
4217374,3.47E-06,474,Amorphous semiconductors equivalent to crystalline semiconductors
3654090,3.47E-06,475,- No title available -
5023907,3.47E-06,476,Network license server
3840898,3.46E-06,477,- No title available -
3980809,3.46E-06,478,Encoding logic for reduced bandwidth pictorial data transmission system
4889818,3.46E-06,479,Purified thermostable enzyme
4519068,3.46E-06,480,Method and apparatus for communicating variable length messages between a primary station and remote stations of a data communications system
4077059,3.46E-06,481,Multi-processing system with a hierarchial memory having journaling and copyback
4123761,3.46E-06,482,Method of purging ink passages of an ink jet recording device
3744036,3.45E-06,483,- No title available -
4887204,3.45E-06,484,System and method for accessing remote files in a distributed networking environment
3764742,3.45E-06,485,- No title available -
4873664,3.45E-06,486,Self restoring ferroelectric memory
3842092,3.44E-06,487,- No title available -
4736866,3.44E-06,488,Transgenic non-human mammals
4136929,3.43E-06,489,Apparatus for generating light pulse train
3789360,3.43E-06,490,- No title available -
4703435,3.42E-06,491,Logic Synthesizer
3652798,3.42E-06,492,- No title available -
4296421,3.42E-06,493,Ink jet recording device using thermal propulsion and mechanical pressure changes
4177514,3.42E-06,494,Graph architecture information processing system
5223844,3.41E-06,495,Vehicle tracking and security system
4627019,3.41E-06,496,Database management system for controlling concurrent access to a database
3937925,3.41E-06,497,Modular transaction terminal with microprocessor control
4937743,3.41E-06,498,"Method and system for scheduling, monitoring and dynamically managing resources"
4016588,3.41E-06,499,Non-volatile semiconductor memory device
4277649,3.41E-06,500,Method and apparatus for screening telephone calls
3810105,3.41E-06,501,- No title available -
4302204,3.41E-06,502,Transfer and detection of nucleic acids
4226898,3.41E-06,503,Amorphous semiconductors equivalent to crystalline semiconductors produced by a glow discharge process
4893307,3.40E-06,504,Method and apparatus for linking SNA terminals to an SNA host over a packet switched communications network
4025411,3.40E-06,505,Fabricating semiconductor device utilizing a physical ion etching process
3149104,3.40E-06,506,- No title available -
4660166,3.40E-06,507,Electronic network for collective decision based on large number of connections between signals
4751740,3.40E-06,508,"Apparatus, method, and structure for translating a document having one structure into a document having another structure"
4020830,3.40E-06,509,Selective chemical sensitive FET transducers
4412287,3.39E-06,510,Automated stock exchange
4556972,3.39E-06,511,Arrangement for routing data packets through a circuit switch
3851104,3.39E-06,512,- No title available -
4381522,3.39E-06,513,Selective viewing
3725864,3.39E-06,514,- No title available -
3660819,3.39E-06,515,- No title available -
3906207,3.38E-06,516,- No title available -
4103297,3.38E-06,517,Light-insensitive matrix addressed liquid crystal display system
3971684,3.37E-06,518,Etching thin film circuits and semiconductor chips
4133006,3.37E-06,519,Predictive encoder or decoder with selection of one of two or more prediction signals according to prediction error signal amplitudes
3720922,3.37E-06,520,- No title available -
4004089,3.37E-06,521,Programmable cryptic device for enciphering and deciphering data
3825946,3.37E-06,522,- No title available -
3653071,3.37E-06,523,- No title available -
4199772,3.37E-06,524,Semiconductor memory device
4651284,3.37E-06,525,Method and system of circuit pattern understanding and layout
4495648,3.37E-06,526,Transmitter power control circuit
4670906,3.37E-06,527,Data communications system transmitter selection method and apparatus
5347632,3.37E-06,528,Reception system for an interactive computer network and method of operation
4292623,3.37E-06,529,Port logic for a communication bus system
4688195,3.36E-06,530,Natural-language interface generating system
3626257,3.36E-06,531,- No title available -
4384918,3.36E-06,532,Method and apparatus for dry etching and electrostatic chucking device used therein
3925601,3.36E-06,533,- No title available -
3889237,3.35E-06,534,- No title available -
3966577,3.35E-06,535,Dielectrically isolated semiconductor devices
4371895,3.34E-06,536,Coded video signal transmitting and receiving system
4121283,3.34E-06,537,Interface device for encoding a digital image for a CRT display
4009385,3.34E-06,538,Laser control circuit
3731986,3.34E-06,539,- No title available -
3938091,3.34E-06,540,Personal verification system
3609670,3.34E-06,541,- No title available -
3821715,3.33E-06,542,- No title available -
4360876,3.33E-06,543,Cartographic indicator system
5155847,3.32E-06,544,Method and apparatus for updating software at remote locations
3706933,3.32E-06,545,- No title available -
4649515,3.32E-06,546,Methods and apparatus for system fault diagnosis and control
4797368,3.31E-06,547,Adeno-associated virus as eukaryotic expression vector
5181162,3.31E-06,548,Document management and production system
3275986,3.31E-06,549,- No title available -
3971065,3.31E-06,550,Color imaging array
4209349,3.31E-06,551,Method for forming a narrow dimensioned mask opening on a silicon body utilizing reactive ion etching
3864018,3.31E-06,552,- No title available -
3862716,3.31E-06,553,- No title available -
5848396,3.30E-06,554,Method and apparatus for determining behavioral profile of a computer user
3642746,3.30E-06,555,- No title available -
4291198,3.30E-06,556,General-purpose electronic telephone station set
4736369,3.30E-06,557,Adaptive session-level pacing
3996345,3.30E-06,558,Fluorescence quenching with immunological pairs in immunoassays
4482999,3.29E-06,559,Method of transmitting information between stations attached to a _unidirectional transmission ring
3875391,3.29E-06,560,- No title available -
4216354,3.29E-06,561,Process for compressing data relative to voice signals and device applying said process
3916387,3.29E-06,562,- No title available -
4611094,3.29E-06,563,Method for customer definable telephone capability
5892900,3.29E-06,564,Systems and methods for secure transaction management and electronic rights protection
4334270,3.28E-06,565,Securities valuation system
3670310,3.28E-06,566,- No title available -
3593300,3.28E-06,567,- No title available -
4232311,3.27E-06,568,Color display apparatus
4542199,3.27E-06,569,Process for the preparation of polyolefins
3686639,3.27E-06,570,- No title available -
3953566,3.26E-06,571,Process for producing porous products
4084228,3.26E-06,572,Process management structures and hardware/firmware control
4142209,3.26E-06,573,Disc track servo system
4144543,3.25E-06,574,Predictive codec capable of selecting one of at least three prediction signals in two steps
4046889,3.25E-06,575,Azetidine-2-carboxylic acid derivatives
3668307,3.25E-06,576,- No title available -
5377354,3.25E-06,577,Method and system for sorting and prioritizing electronic mail messages
4696029,3.25E-06,578,Telephone traffic load control system
4714995,3.24E-06,579,Computer integration system
3916385,3.23E-06,580,- No title available -
3108673,3.22E-06,581,- No title available -
4696027,3.22E-06,582,Handoff apparatus and method with interference reduction for a radio system
4398063,3.22E-06,583,Mobile telephone interoffice handoff limiting method and apparatus
4481382,3.22E-06,584,Programmable telephone system
5813753,3.22E-06,585,UV/blue led-phosphor device with efficient conversion of UV/blues light to visible light
3617714,3.22E-06,586,- No title available -
4224615,3.21E-06,587,Method of using a liquid crystal display device as a data input device
3408627,3.21E-06,588,- No title available -
4761785,3.21E-06,589,Parity spreading to enhance storage access
3801964,3.21E-06,590,- No title available -
4210780,3.20E-06,591,Multiple access digital communications system
4019176,3.20E-06,592,System and method for reliable communication of stored messages among stations over a single common channel with a minimization of service message time
3648252,3.20E-06,593,- No title available -
4606002,3.19E-06,594,B-tree structured data base using sparse array bit maps to store inverted lists
3832579,3.19E-06,595,- No title available -
4829427,3.19E-06,596,Database query code generation and optimization based on the cost of alternate access methods
4903201,3.19E-06,597,Automated futures trading exchange
3932709,3.19E-06,598,Electronic business telephone
4752889,3.18E-06,599,"Dynamic, interactive display system for a knowledge base"
4642487,3.18E-06,600,Special interconnect for configurable logic array
4644351,3.18E-06,601,Two way personal message system with extended coverage
5968830,3.18E-06,602,Soybean transformation and regeneration methods
4700457,3.18E-06,603,Method of making multilayer capacitor memory device
4128880,3.18E-06,604,Computer vector register processing
3772658,3.17E-06,605,- No title available -
4435753,3.17E-06,606,Register allocation system using recursive queuing during source code compilation
4458109,3.17E-06,607,Method and apparatus providing registered mail features in an electronic communication system
4833701,3.17E-06,608,Trunked communication system with nationwide roaming capability
4139889,3.17E-06,609,Apparatus for vehicle position indication
3815095,3.17E-06,610,- No title available -
4535333,3.17E-06,611,Transmitter and receiver for controlling remote elements
4674044,3.17E-06,612,Automated securities trading system
3735360,3.17E-06,613,- No title available -
4031512,3.17E-06,614,Communications network for general purpose data communications in a heterogeneous environment
4751635,3.16E-06,615,Distributed management support system for software managers
4545610,3.16E-06,616,Method for forming elongated solder connections between a semiconductor device and a supporting substrate
4530914,3.16E-06,617,Process and catalyst for producing polyethylene having a broad molecular weight distribution
3424661,3.16E-06,618,- No title available -
4408323,3.16E-06,619,Processor facilities for integrated packet and voice switching
6413802,3.16E-06,620,Finfet transistor structures having a double gate channel extending vertically from a substrate and methods of manufacture
4159536,3.16E-06,621,Portable electronic language translation device
5220501,3.15E-06,622,Method and system for remote delivery of retail banking services
5088032,3.15E-06,623,Method and apparatus for routing communications among computer networks
3621214,3.15E-06,624,- No title available -
3668645,3.15E-06,625,- No title available -
5151789,3.15E-06,626,"System and method for automatic, unattended recording of cable television programs"
4401112,3.14E-06,627,Spinal fixator
3886310,3.14E-06,628,- No title available -
3925641,3.14E-06,629,- No title available -
4317957,3.14E-06,630,System for authenticating users and devices in on-line transaction networks
4095795,3.13E-06,631,Amusement apparatus and method
3373437,3.13E-06,632,- No title available -
4203123,3.13E-06,633,Thin film memory device employing amorphous semiconductor materials
4235871,3.13E-06,634,Method of encapsulating biologically active materials in lipid vesicles
3741292,3.12E-06,635,- No title available -
4736453,3.12E-06,636,Method and apparatus for making frequency channel assignment in a cellular or non-cellular radiotelephone communications system
3800035,3.12E-06,637,- No title available -
4205341,3.11E-06,638,Picture signal coding apparatus
3978454,3.11E-06,639,System and method for programmable sequence control
4194221,3.11E-06,640,Automatic multimode continuous halftone line copy reproduction
4578815,3.11E-06,641,Wide area coverage radio communication system and method
4275149,3.11E-06,642,Macromolecular environment control in specific receptor assays
3927268,3.11E-06,643,- No title available -
4868877,3.11E-06,644,Public key/signature cryptosystem with enhanced digital signature certification
4204206,3.10E-06,645,Video display system
3815099,3.10E-06,646,- No title available -
4228319,3.10E-06,647,Automatic radio telephone system
4128891,3.10E-06,648,Magnetic bubble domain relational data base system
4975950,3.10E-06,649,System and method of protecting integrity of computer data and software
3861781,3.10E-06,650,- No title available -
4800159,3.10E-06,651,"Process for amplifying, detecting, and/or cloning nucleic acid sequences"
4012597,3.09E-06,652,Transmission trunk multichannel dispatch system with priority queuing
4625081,3.09E-06,653,Automated telephone voice service system
4100377,3.09E-06,654,Packet transmission of speech
4303748,3.08E-06,655,Electrochemical generators for producing current and new materials for their manufacture
4464652,3.08E-06,656,Cursor control device for use with display systems
3955140,3.08E-06,657,Mobile radio extension unit with punch through operation
3973245,3.08E-06,658,Method and apparatus for point plotting of graphical data from a coded source into a buffer and for rearranging that data for supply to a raster responsive device
4500919,3.08E-06,659,Color reproduction system
4071706,3.08E-06,660,Data packets distribution loop
4189734,3.07E-06,661,Method and apparatus for recording with writing fluids and drop projection means therefor
4451895,3.07E-06,662,Interactive computer aided design system
3637994,3.07E-06,663,- No title available -
4658416,3.07E-06,664,Automatic call transfer system capable of carrying out call transfer without manual operation
4027246,3.07E-06,665,Automated integrated circuit manufacturing system
4704628,3.07E-06,666,Combined intraframe and interframe transform coding system
4064530,3.07E-06,667,Noise reduction system for color television
4881241,3.07E-06,668,"Method and installation for digital communication, particularly between and toward moving vehicles"
3693165,3.07E-06,669,- No title available -
4533997,3.06E-06,670,Computer monitored or controlled system which may be modified and de-bugged on-line by one not skilled in computer programming
4291409,3.06E-06,671,Spread spectrum communications method and apparatus
4508429,3.06E-06,672,Method for driving liquid crystal element employing ferroelectric liquid crystal
3824002,3.06E-06,673,- No title available -
3833435,3.06E-06,674,- No title available -
4675285,3.06E-06,675,Method for identification and isolation of DNA encoding a desired protein
4438032,3.06E-06,676,Unique T-lymphocyte line and products derived therefrom
4635208,3.06E-06,677,Computer-aided design of systems
4214305,3.06E-06,678,Multi-processor data processing system
4264808,3.05E-06,679,Method and apparatus for electronic image processing of documents for accounting purposes
4503499,3.05E-06,680,Controlled work flow system
4058430,3.05E-06,681,Method for producing compound thin films
6029195,3.05E-06,682,System for customized electronic identification of desirable objects
4539653,3.05E-06,683,Formatting text/graphics using plural independent formatting mechanisms
4516238,3.05E-06,684,Self-routing switching network
3790663,3.05E-06,685,- No title available -
3959624,3.05E-06,686,Coded merchandising coupon
4029963,3.05E-06,687,X-ray spectral decomposition imaging system
3916390,3.04E-06,688,- No title available -
4683194,3.04E-06,689,Method for detection of polymorphic restriction sites and nucleic acid sequences
5835087,3.04E-06,690,System for generation of object profiles for a system for customized electronic identification of desirable objects
4819159,3.04E-06,691,Distributed multiprocess transaction processing system and method
3940758,3.04E-06,692,Expandable keyboard for electronic pocket calculators and the like
4225919,3.04E-06,693,Advanced data link controller
5744864,3.04E-06,694,Semiconductor device having a transparent switching element
4284852,3.04E-06,695,Alternate routing for a telephone system
3773919,3.04E-06,696,- No title available -
4677552,3.03E-06,697,International commodity trade exchange
5623601,3.03E-06,698,Apparatus and method for providing a secure gateway for communication and data exchanges between networks
4535060,3.03E-06,699,"Inhibition resistant 5-enolpyruvyl-3-phosphoshikimate synthetase, production and use"
3810104,3.02E-06,700,- No title available -
6229506,3.02E-06,701,Active matrix light emitting diode pixel structure and concomitant method
4272880,3.02E-06,702,MOS/SOS Process
4204227,3.02E-06,703,Television picture compressor
5163131,3.02E-06,704,Parallel I/O network file server architecture
3334629,3.02E-06,705,- No title available -
4740954,3.02E-06,706,Multicast routing algorithm
4140126,3.02E-06,707,Method for performing aneurysm repair
4536791,3.02E-06,708,Addressable cable television control system with video format data transmission
3734594,3.02E-06,709,- No title available -
4330787,3.02E-06,710,Liquid jet recording device
4170782,3.01E-06,711,Programming and selection monitoring system for television receivers
4186438,3.01E-06,712,Interactive enquiry system
3566358,3.01E-06,713,- No title available -
4016405,3.01E-06,714,"Card validation, method and system"
3648125,3.01E-06,715,- No title available -
4497039,3.00E-06,716,Join operation processing system in relational model
3480914,3.00E-06,717,- No title available -
3879597,3.00E-06,718,- No title available -
3876208,3.00E-06,719,- No title available -
4642790,3.00E-06,720,Presentation space management and viewporting on a multifunction virtual terminal
4977455,3.00E-06,721,System and process for VCR scheduling
3851318,3.00E-06,722,- No title available -
4092732,3.00E-06,723,System for recovering data stored in failed memory unit
3755704,3.00E-06,724,- No title available -
4571456,3.00E-06,725,Portable computer
3715485,2.99E-06,726,- No title available -
3992158,2.99E-06,727,Integral analytical element
4494230,2.99E-06,728,Fast packet switching system
5796952,2.99E-06,729,Method and apparatus for tracking client interaction with a network resource and creating client profiles and resource database
4386233,2.99E-06,730,Crytographic key notarization methods and apparatus
5175867,2.99E-06,731,Neighbor-assisted handoff in a cellular communications system
3977007,2.99E-06,732,Gray tone generation
4507751,2.98E-06,733,Method and apparatus for logging journal data using a log write ahead data set
4672410,2.98E-06,734,Semiconductor memory device with trench surrounding each memory cell
5223409,2.98E-06,735,Directed evolution of novel binding proteins
4827508,2.98E-06,736,Database usage metering and protection system and method
3976995,2.97E-06,737,Precessing display pager
4580568,2.97E-06,738,Percutaneous endovascular stent and method for insertion thereof
5416011,2.97E-06,739,Method for soybean transformation and regeneration
3965358,2.97E-06,740,Cross-sectional imaging system using a polychromatic x-ray source
3919711,2.97E-06,741,- No title available -
4669113,2.96E-06,742,Integrated network controller for a dynamic nonhierarchical routing switching network
3455625,2.96E-06,743,- No title available -
4566095,2.96E-06,744,Time division multiplex switching network permitting communications between one or several calling parties and one or several called parties
4096571,2.96E-06,745,System for resolving memory access conflicts among processors and minimizing processor waiting times for access to memory by comparing waiting times and breaking ties by an arbitrary priority ranking
4944836,2.96E-06,746,Chem-mech polishing method for producing coplanar metal/insulator films on a substrate
4468732,2.96E-06,747,Automated logical file design system with reduced data base redundancy
4553545,2.96E-06,748,Device for application in blood vessels or other difficultly accessible locations and its use
3704345,2.96E-06,749,- No title available -
3757225,2.95E-06,750,- No title available -
3540431,2.95E-06,751,- No title available -
4366613,2.95E-06,752,Method of fabricating an MOS dynamic RAM with lightly doped drain
3582787,2.95E-06,753,- No title available -
2556550,2.95E-06,754,- No title available -
4655771,2.95E-06,755,Prosthesis comprising an expansible or contractile tubular body
5534425,2.94E-06,756,Soybeans having low linolenic acid content and method of production
4933937,2.94E-06,757,Network adapter for connecting local area network to backbone network
4369443,2.94E-06,758,Message communication system with message storage
5313454,2.93E-06,759,Congestion control for cell networks
4449186,2.93E-06,760,Touch panel passenger self-ticketing system
5790548,2.93E-06,761,Universal access multimedia data network
3988533,2.93E-06,762,Video-type universal motion and intrusion detection system
4723212,2.93E-06,763,Method and apparatus for dispensing discount coupons
4253145,2.93E-06,764,Hardware virtualizer for supporting recursive virtual computer systems on a host computer system
3886577,2.92E-06,765,- No title available -
3745462,2.92E-06,766,- No title available -
4044337,2.92E-06,767,Instruction retry mechanism for a data processing system
4905233,2.92E-06,768,Multiple path routing mechanism for packet communications network
3679821,2.92E-06,769,- No title available -
5774668,2.92E-06,770,System for on-line service in which gateway computer uses service map which includes loading condition of servers broadcasted by application servers for load balancing
4574350,2.92E-06,771,Shared resource locking apparatus
6473467,2.92E-06,772,"Method and apparatus for measuring reporting channel state information in a high efficiency, high performance communications system"
3614745,2.91E-06,773,- No title available -
4460982,2.91E-06,774,Intelligent electrically programmable and electrically erasable ROM
4060848,2.91E-06,775,Electronic calculator system having audio messages for operator interaction
5167024,2.91E-06,776,Power management for a laptop computer with slow and sleep modes
3904818,2.91E-06,777,- No title available -
3294896,2.91E-06,778,- No title available -
4816397,2.90E-06,779,Multichain polypeptides or proteins and processes for their production
3717504,2.90E-06,780,- No title available -
4093823,2.90E-06,781,Statistical multiplexing system for computer communications
4988981,2.90E-06,782,Computer data entry and manipulation apparatus and method
4511973,2.90E-06,783,Navigator for vehicles
3665483,2.90E-06,784,- No title available -
4759063,2.90E-06,785,Blind signature systems
4065369,2.89E-06,786,Activated gas reaction apparatus & method
3778811,2.89E-06,787,- No title available -
4180708,2.89E-06,788,Fault-proof system for mobile radio communication
4546382,2.89E-06,789,Television and market research data collection system and method
4222076,2.89E-06,790,Progressive image transmission
5133075,2.88E-06,791,Method of monitoring changes in attribute values of object in an object-oriented database
4700317,2.88E-06,792,Automatic layout planner and a method for automatically creating a layout plan
3790717,2.88E-06,793,- No title available -
4223394,2.88E-06,794,Sensing amplifier for floating gate memory devices
5072412,2.88E-06,795,User interface with multiple workspaces for sharing display system objects
3768074,2.88E-06,796,- No title available -
4885717,2.88E-06,797,System for graphically representing operation of object-oriented programs
4554101,2.88E-06,798,Identification and preparation of epitopes on antigens and allergens on the basis of hydrophilicity
4500963,2.88E-06,799,Automatic layout program for hybrid microcircuits (HYPAR)
4775999,2.87E-06,800,Registration of radiotelephones in networked cellular radiotelephone systems
5275851,2.87E-06,801,Low temperature crystallization and patterning of amorphous silicon films on electrically insulating substrates
5014265,2.87E-06,802,Method and apparatus for congestion control in a data network
3228006,2.87E-06,803,- No title available -
3534338,2.87E-06,804,- No title available -
4897781,2.86E-06,805,System and method for using cached data at a local node after re-opening a file at a remote node in a distributed networking environment
4140558,2.86E-06,806,Isolation of integrated circuits utilizing selective etching and diffusion
4227178,2.86E-06,807,Decentralized data transmission system
4914656,2.86E-06,808,Disk drive memory
4044341,2.86E-06,809,Memory array
4533910,2.86E-06,810,Graphics display system with viewports of arbitrary location and content
3172862,2.86E-06,811,- No title available -
3699646,2.86E-06,812,- No title available -
4604644,2.86E-06,813,"Solder interconnection structure for joining semiconductor devices to substrates that have improved fatigue life, and process for making"
4028733,2.86E-06,814,Pictorial information retrieval system
4007452,2.86E-06,815,Wafer scale integration system
4480304,2.86E-06,816,"Method and means for the retention of locks across system, subsystem, and communication failures in a multiprocessing, multiprogramming, shared data environment"
4245248,2.85E-06,817,Motion estimation and encoding of video signals in the transform domain
3777061,2.85E-06,818,- No title available -
4337480,2.85E-06,819,Dynamic audio-video interconnection system
5155591,2.85E-06,820,Method and apparatus for providing demographically targeted television commercials
3886317,2.84E-06,821,- No title available -
4839853,2.84E-06,822,Computer information retrieval using latent semantic structure
4097753,2.83E-06,823,Comparator circuit for a C-2C A/D and D/A converter
3875584,2.83E-06,824,- No title available -
4587633,2.83E-06,825,Management communication terminal system
4078257,2.83E-06,826,Calculator apparatus with electronically alterable key symbols
4831526,2.83E-06,827,Computerized insurance premium quote request and policy issuance system
4053717,2.83E-06,828,Cordless telephone
4549275,2.83E-06,829,Graphics data handling system for CAD workstation
3868724,2.82E-06,830,- No title available -
4614861,2.82E-06,831,"Unitary, self-contained card verification and validation system and method"
3902163,2.82E-06,832,- No title available -
4202041,2.82E-06,833,Dynamically variable keyboard terminal
4414661,2.82E-06,834,Apparatus for communicating with a fleet of vehicles
4424414,2.82E-06,835,Exponentiation cryptographic apparatus and method
3428946,2.81E-06,836,- No title available -
3648253,2.80E-06,837,- No title available -
4207609,2.80E-06,838,Method and means for path independent device reservation and reconnection in a multi-CPU and shared device access system
3474438,2.80E-06,839,- No title available -
3736566,2.80E-06,840,- No title available -
4554446,2.80E-06,841,Supermarket inventory control system and method
4491725,2.80E-06,842,Medical insurance verification and processing system
3806882,2.80E-06,843,- No title available -
4707827,2.80E-06,844,Bridging techniques for local area networks
4924378,2.80E-06,845,License mangagement system and license storage key
5241542,2.79E-06,846,Battery efficient operation of scheduled access protocol
4223403,2.79E-06,847,Cryptographic architecture for use with a high security personal identification system
3530438,2.79E-06,848,- No title available -
4306286,2.79E-06,849,Logic simulation machine
3846622,2.79E-06,850,- No title available -
3764995,2.79E-06,851,- No title available -
4405712,2.79E-06,852,LTR-Vectors
4564903,2.79E-06,853,Partitioned multiprocessor programming system
3859624,2.78E-06,854,- No title available -
3733430,2.78E-06,855,- No title available -
3750024,2.78E-06,856,- No title available -
3187321,2.78E-06,857,- No title available -
5341477,2.78E-06,858,Broker for computer network server selection
2297691,2.78E-06,859,- No title available -
4697242,2.78E-06,860,Adaptive computing system capable of learning and discovery
3938096,2.78E-06,861,Apparatus for developing an address of a segment within main memory and an absolute address of an operand within the segment
4512338,2.78E-06,862,Process for restoring patency to body vessels
4982344,2.77E-06,863,Accelerating link creation
4587651,2.77E-06,864,"Distributed variable bandwidth switch for voice, data, and image communications"
4332027,2.77E-06,865,Local area contention network data communication system
5095480,2.77E-06,866,Message routing system for shared communication media networks
3995299,2.77E-06,867,Radiation sources
5550984,2.77E-06,868,Security system for preventing unauthorized communications between networks by translating communications received in ip protocol to non-ip protocol to remove address and routing services information
5042027,2.77E-06,869,Communication network system and method of controlling a communication network
5619709,2.77E-06,870,System and method of context vector generation and retrieval
4471216,2.77E-06,871,System and process for identification of persons requesting access to particular facilities
5294870,2.76E-06,872,Organic electroluminescent multicolor image display device
3723976,2.76E-06,873,- No title available -
5124987,2.76E-06,874,Logical track write scheduling system for a parallel disk drive array data storage subsystem
3700815,2.76E-06,875,- No title available -
4646346,2.76E-06,876,Integrated message service system
4104721,2.76E-06,877,Hierarchical security mechanism for dynamically assigning security levels to object programs
4668865,2.76E-06,878,Scanning tunneling microscope
3725590,2.76E-06,879,- No title available -
3880684,2.76E-06,880,- No title available -
3796497,2.76E-06,881,- No title available -
3967251,2.75E-06,882,User variable computer memory module
4105776,2.75E-06,883,Proline derivatives and related compounds
4484187,2.75E-06,884,Video overlay system having interactive color addressing
4132904,2.75E-06,885,Volatile/non-volatile logic latch circuit
4130865,2.75E-06,886,Multiprocessor computer apparatus employing distributed communications paths and a passive task register
3732543,2.75E-06,887,- No title available -
4074072,2.75E-06,888,Multiprocessor control of a partitioned switching network by control communication through the network
4449248,2.75E-06,889,Battery saving radio circuit and system
4736363,2.75E-06,890,Path oriented routing system and method for packet switching networks
4425120,2.74E-06,891,Shielded hypodermic syringe
4129863,2.74E-06,892,Weighted capacitor analog/digital converting apparatus and method
4209357,2.74E-06,893,Plasma reactor apparatus
3493674,2.74E-06,894,- No title available -
4184049,2.74E-06,895,Transform speech signal coding with pitch controlled adaptive quantizing
3806898,2.74E-06,896,- No title available -
4071838,2.74E-06,897,Solid state force transducer and method of making same
4131919,2.74E-06,898,Electronic still camera
4503288,2.73E-06,899,Intelligent telephone
3916430,2.73E-06,900,- No title available -
4387297,2.73E-06,901,Portable laser scanning system and scanning methods
4119995,2.73E-06,902,Electrically programmable and electrically erasable MOS memory cell
5093914,2.73E-06,903,Method of controlling the execution of object-oriented programs
4465901,2.73E-06,904,Crypto microprocessor that executes enciphered programs
4100370,2.73E-06,905,Voice verification system based on word pronunciation
3950360,2.72E-06,906,Antibiotic substances
4264924,2.72E-06,907,Dedicated channel interactive cable television system
4520113,2.72E-06,908,Serological detection of antibodies to HTLV-III in sera of patients with AIDS and pre-AIDS conditions
3921141,2.72E-06,909,- No title available -
4956839,2.72E-06,910,ATM switching system
3530325,2.72E-06,911,- No title available -
4319336,2.72E-06,912,Transaction execution system with improved key function versatility
4234362,2.71E-06,913,Method for forming an insulator between layers of conductive material
3940743,2.71E-06,914,Interconnecting unit for independently operable data processing systems
4218760,2.71E-06,915,Electronic dictionary with plug-in module intelligence
5678041,2.71E-06,916,System and method for restricting user access rights on the internet based on rating information stored in a relational database
3889107,2.71E-06,917,- No title available -
5650958,2.71E-06,918,Magnetic tunnel junctions with controlled magnetic response
3921204,2.71E-06,919,- No title available -
4375097,2.70E-06,920,Transparent intelligent network for data and voice
4658351,2.70E-06,921,Task control means for a multi-tasking data processing system
3820079,2.70E-06,922,- No title available -
4254474,2.70E-06,923,Information processing system using threshold passive modification
4475189,2.70E-06,924,Automatic interactive conference arrangement
4876738,2.70E-06,925,Mobile radio transmission system
4516156,2.69E-06,926,Teleconferencing method and system
4196450,2.69E-06,927,Selective copying apparatus
4309777,2.69E-06,928,Artificial intervertebral disc
4130867,2.68E-06,929,Database instruction apparatus for determining a database record type
3900834,2.68E-06,930,- No title available -
4494197,2.68E-06,931,Automatic lottery system
3633175,2.68E-06,932,- No title available -
4289123,2.67E-06,933,Orthopedic appliance
4654482,2.67E-06,934,Home merchandise ordering telecommunications terminal
4454414,2.67E-06,935,"Funds transfer system using optically coupled, portable modules"
3751582,2.67E-06,936,- No title available -
5377051,2.67E-06,937,Digital video recorder compatible receiver with trick play image enhancement
4020466,2.67E-06,938,Memory hierarchy system with journaling and copy back
4466060,2.67E-06,939,Message routing in a computer network
3839363,2.67E-06,940,- No title available -
3845770,2.66E-06,941,- No title available -
4256514,2.66E-06,942,Method for forming a narrow dimensioned region on a body
4529870,2.66E-06,943,"Cryptographic identification, financial transaction, and credential device"
4007478,2.66E-06,944,Field effect transistor
4211997,2.66E-06,945,Method and apparatus employing an improved format for recording and reproducing digital audio
3336155,2.66E-06,946,- No title available -
4456954,2.66E-06,947,Virtual machine system with guest architecture emulation using hardware TLB's for plural level address translations
3588835,2.66E-06,948,- No title available -
4078228,2.66E-06,949,Loop data highway communication system
4042912,2.66E-06,950,Database set condition test instruction
5948040,2.65E-06,951,Travel reservation information and planning system
4479241,2.65E-06,952,Self-organizing circuits for automatic pattern recognition and the like and systems embodying the same
4387162,2.65E-06,953,Hybrid plasmids and microorganisms containing them
4156868,2.65E-06,954,Syntactic word recognizer
3534017,2.65E-06,955,- No title available -
4089801,2.64E-06,956,Process for the preparation of liposomes
4413318,2.64E-06,957,Use of nodes to uniquely identify processes
4430699,2.64E-06,958,Distributed data processing system
5101402,2.64E-06,959,Apparatus and method for realtime monitoring of network sessions in a local area network
4439636,2.63E-06,960,Credit card actuated telecommunication access network
4586160,2.63E-06,961,Method and apparatus for analyzing the syntactic structure of a sentence
4554418,2.63E-06,962,Information monitoring and notification method and apparatus
4015238,2.63E-06,963,Metric updater for maximum likelihood decoder
3953862,2.63E-06,964,Printing head device for an ink jet printer
3938097,2.63E-06,965,Memory and buffer arrangement for digital computers
4464543,2.63E-06,966,Network control center call trace
4593454,2.63E-06,967,Process for manufacturing an integrated circuit with tantalum silicide connections utilizing self-aligned oxidation
4278973,2.63E-06,968,Video display terminal with partitioned screen
4074066,2.63E-06,969,Message verification and transmission error detection by block chaining
5606668,2.63E-06,970,System for securing inbound and outbound data packet flow in a computer network
3787627,2.63E-06,971,- No title available -
4049906,2.62E-06,972,Message network for the transmission of digital telegrams with an address consisting of routing words
4294753,2.62E-06,973,Bone morphogenetic protein process
4472783,2.62E-06,974,Flexible manufacturing system
4597046,2.62E-06,975,Securities brokerage-cash management system obviating float costs by anticipatory liquidation of short term assets
4090221,2.62E-06,976,Apparatus for improving video signal-to-noise ratio
3676861,2.62E-06,977,- No title available -
4462090,2.62E-06,978,Method of operating a semiconductor memory circuit
4331647,2.62E-06,979,Tumor localization and therapy with labeled antibody fragments specific to tumor-associated markers
4413314,2.62E-06,980,Industrial process control system
3792462,2.62E-06,981,- No title available -
4914586,2.62E-06,982,Garbage collector for hypermedia systems
3911216,2.62E-06,983,- No title available -
3728486,2.62E-06,984,- No title available -
3473160,2.61E-06,985,- No title available -
3638640,2.61E-06,986,- No title available -
4538188,2.61E-06,987,Video composition method and apparatus
4713753,2.61E-06,988,Secure data processing system architecture with format control
4686472,2.61E-06,989,Magnetic sensor having closely spaced and electrically parallel magnetoresistive layers of different widths
4469863,2.61E-06,990,Nonionic nucleic acid alkyl and aryl phosphonates and processes for manufacture and use thereof
3901654,2.61E-06,991,- No title available -
4145739,2.61E-06,992,Distributed data processing system
4046722,2.60E-06,993,Immunological materials
4704724,2.60E-06,994,Routing of network traffic
5265119,2.60E-06,995,Method and apparatus for controlling transmission power in a CDMA cellular mobile telephone system
4509043,2.60E-06,996,Method and apparatus for displaying images
4117542,2.60E-06,997,Electronic pocket directory
3787900,2.60E-06,998,- No title available -
4626836,2.60E-06,999,Method of scheduling meetings
4654867,2.59E-06,1000,Cellular voice and data radiotelephone system